[
  {
    "name": "𝑆𝑎𝑏𝑟𝑖𝑛𝑎 𝑉𝑖𝑝 𝑡𝑒𝑠𝑡𝑒 ⚒",
    "groupId": "120363160098837921@g.us",
    "x9": false,
    "antiimg": false,
    "antivideo": false,
    "antiaudio": false,
    "antisticker": false,
    "antidoc": false,
    "antictt": false,
    "antiloc": false,
    "antilinkgp": false,
    "antilinkhard": false,
    "antifake": false,
    "antiporn": false,
    "Odelete": false,
    "antispam": false,
    "antinotas": true,
    "anticatalogo": false,
    "visuUnica": false,
    "registrarFIGUS": false,
    "soadm": false,
    "listanegra": [],
    "advertir": [],
    "prefixos": [
      "#"
    ],
    "advertir2": [],
    "legenda_estrangeiro": "0",
    "legenda_documento": "0",
    "legenda_video": "0",
    "legenda_imagem": "0",
    "multiprefix": false,
    "forca_ofc": [
      {
        "acertos": 0,
        "erros": 0,
        "palavra": [],
        "escreveu": [],
        "palavra_ofc": 0,
        "dica": 0,
        "tema": 0
      }
    ],
    "ausentes": [],
    "antipalavrao": {
      "active": false,
      "palavras": []
    },
    "limitec": {
      "active": false,
      "quantidade": null
    },
    "wellcome": [
      {
        "bemvindo1": true,
        "legendabv": "¹⁰▁²⁰▂³⁰▃⁴⁰▄⁵⁰▅⁶⁰▆⁷⁰▇⁸⁰█%      \n ❤️‍🔥𝐁𝐄𝐌✰𝐕𝐈𝐍𝐃𝐎❤️‍🔥\n                     ✨𝐍𝐎𝐕𝐀𝐓𝐎(𝐀)✨\n                  \n                     \n𝐆𝐫𝐮𝐩𝐨⧽ #nomedogp#\n\n𝐍𝐮́𝐦𝐞𝐫𝐨 𝐍𝐨𝐯𝐚𝐭𝐨(𝐚)⧽#numerodele#\n \n𝐏𝐫𝐞𝐟𝐢𝐱𝐨 𝐝𝐚 𝐁𝐨𝐭⧽ ( #prefixo# )\n\n𝐇𝐨𝐫𝐚⧽ #hora#",
        "legendasaiu": "#numerodele# – Saiu do grupo: #nomedogp#"
      },
      {
        "bemvindo2": false,
        "legendabv": "Olá #numerodele#, seja bem vindo (a) ao grupo: #nomedogp#",
        "legendasaiu": "#numerodele# – Saiu do grupo: #nomedogp#"
      }
    ],
    "simi1": false,
    "simi2": false,
    "autosticker": false,
    "autoresposta": false,
    "jogos": true,
    "level": false,
    "bangp": false,
    "nsfw": false,
    "aluguel": false
  }
]
