{
   "linklogos": "https://telegra.ph/file/d0437c9a24e83899e2e34.jpg",
   "imgnazista": "https://telegra.ph/file/fb2762032047db19d206b.jpg",
   "imggay": "https://telegra.ph/file/fe1a5a942d6114ebc18a3.jpg",
   "imgcorno": "https://telegra.ph/file/3182942e577dbbc27b17e.jpg",
   "imggostosa": "https://telegra.ph/file/9bd3e6fcc0e8da9939ed6.jpg",
   "imggostoso": "https://telegra.ph/file/df6f2722710ef26a82c04.jpg",
   "imgfeio": "https://telegra.ph/file/bd22339646fe7f163f89c.jpg",
   "imggado": "https://telegra.ph/file/6ac2858647969cca031fd.jpg",
   "imgvesgo": "https://telegra.ph/file/2c6675f5bc489c219fbb0.jpg",
   "imgbebado": "https://telegra.ph/file/b69ac603e275e610d2c34.jpg",
   "tapacmd": "https://telegra.ph/file/841664f31eb7539c35a2d.mp4",
   "matarcmd": "https://telegra.ph/file/1135a19fceefa7074caf8.mp4",
   "beijocmd": "https://telegra.ph/file/c9b5ed858237ebc9f7356.mp4",
   "chutecmd": "https://telegra.ph/file/d4b2525d2e1aeb33fa626.mp4",
   "deathcmd": "https://telegra.ph/file/298aea280b6af0c4b53e7.mp4",
   "fundo2": "https://telegra.ph/file/9183d10f0d286969af095.jpg",
   "fundo1": "https://telegra.ph/file/9183d10f0d286969af095.jpg",
   "rnkgay": "https://telegra.ph/file/c478d248692d8c92ab94c.jpg",
   "rnkgado": "https://telegra.ph/file/c28abd2759de471a8364e.jpg",
   "rnkcorno": "https://telegra.ph/file/7b5c9722558e9f3924923.jpg",
   "rnkgostoso": "https://telegra.ph/file/58c118e4e5127b144c1cc.jpg",
   "rnkgostosa": "https://telegra.ph/file/34d765e9d54de92b75f30.jpg",
   "rnknazista": "https://telegra.ph/file/1d5bfe8f8699a0b7ff4dd.jpg",
   "rnkotaku": "https://telegra.ph/file/796eed26a8f761970d9f5.jpg", 
   "rnkpau": "https://telegra.ph/file/ee6aed00378a0d1b88dda.jpg",
   "suruba": "https://telegra.ph/file/73abfd759ad087d83b2b0.jpg",
   "minado_bomb": "https://telegra.ph/file/bcde6836712b9b82a404b.jpg",
   "thumbnail": "https://telegra.ph/file/39a84e9992b083578724d.jpg"
}