{
	"crtt": "𝐉𝐎𝐆𝐎 𝐃𝐀 𝐕𝐄𝐋𝐇𝐀",
	"forwarding": false,
	"banChats": false,
	"menu_audio": false,
	"verificado": true,
	"consoleoff": true,
	"antipv": false,
	"anticall": true,
	"visualizarmsg": true,
	"listanegraG": [],
	"botoes_": false,
	"TOKEN_GPT": "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",
	"cmd_premium": ["destrava", "destrava2", "ddd", "gerarcpf", "premiumlist", "tinyurl", "cuttly", "bitly", "celular", "scep", "cotacao", "nome", "nome2", "cpf", "cpf2", "cpf3", "cpf4", "tel", "tel2", "tel3", "parentes", "beneficios", "score", "placa", "placa2", "cnpj", "site", "email", "bin", "rg", "igstalk"],
	"dono1": ".",
	"dono2": ".",
	"dono3": ".",
	"dono4": ".",
	"dono5": ".",
	"dono6": ".",
	"botoff": false,
	"Odelete": true,
	"welcomepv": true
}